EmployeeID,Name,Age,Department,Salary,Experience,Annual_Salary
101,Ravi,25.0,IT,25000.0,2,300000.0
102,Anita,30.0,HR,30000.0,5,360000.0
103,Rahul,28.0,Finance,28000.0,3,336000.0
104,Sneha,32.0,IT,40000.0,7,480000.0
105,Kiran,30.707865168539325,Marketing,35000.0,4,420000.0
106,Meena,29.0,HR,37207.86516853933,3,446494.3820224719
107,Arjun,26.0,Finance,26000.0,2,312000.0
108,Ravi,25.0,IT,25000.0,2,300000.0
109,Pooja,31.0,Marketing,38000.0,6,456000.0
110,Varun,27.0,IT,27000.0,3,324000.0
111,Divya,24.0,HR,22000.0,1,264000.0
112,Manoj,35.0,Finance,45000.0,9,540000.0
113,Kavya,29.0,IT,32000.0,4,384000.0
115,Neha,27.0,Marketing,29000.0,3,348000.0
116,Amit,33.0,Finance,42000.0,8,504000.0
117,Priya,26.0,IT,31000.0,3,372000.0
118,Rohan,34.0,HR,39000.0,7,468000.0
119,Sanjay,38.0,Management,55000.0,12,660000.0
120,Lakshmi,28.0,Marketing,34000.0,4,408000.0
121,Vikas,31.0,IT,36000.0,6,432000.0
122,Swathi,29.0,HR,33000.0,5,396000.0
124,Deepa,23.0,IT,21000.0,1,252000.0
125,Nikhil,30.0,Finance,37000.0,6,444000.0
126,Anil,36.0,Marketing,48000.0,10,576000.0
127,Shreya,28.0,HR,31000.0,4,372000.0
128,Teja,27.0,IT,29500.0,3,354000.0
129,Madhavi,32.0,Finance,41000.0,7,492000.0
131,Harsha,26.0,IT,28000.0,2,336000.0
132,Keerthi,29.0,HR,34000.0,5,408000.0
133,Ramesh,37.0,Finance,46000.0,9,552000.0
134,Bindu,30.0,Marketing,35000.0,6,420000.0
135,Sai,25.0,IT,26000.0,2,312000.0
136,Padma,33.0,HR,39000.0,8,468000.0
138,Sindhu,27.0,Finance,30000.0,4,360000.0
139,Chaitanya,28.0,IT,31000.0,3,372000.0
140,Reshma,29.0,Marketing,33000.0,5,396000.0
141,Krishna,34.0,Finance,44000.0,9,528000.0
142,Anusha,26.0,HR,28000.0,3,336000.0
144,Monika,24.0,IT,23000.0,1,276000.0
145,Srikanth,31.0,Marketing,37000.0,6,444000.0
146,Latha,35.0,HR,42000.0,9,504000.0
147,Karthik,29.0,Finance,39000.0,6,468000.0
148,Navya,27.0,IT,30000.0,3,360000.0
150,Shalini,28.0,Marketing,34500.0,4,414000.0
151,Ravi,25.0,IT,25000.0,2,300000.0
152,Anita,30.0,HR,30000.0,5,360000.0
153,Rahul,28.0,Finance,28000.0,3,336000.0
154,Sneha,32.0,IT,40000.0,7,480000.0
155,Kiran,30.707865168539325,Marketing,35000.0,4,420000.0
156,Meena,29.0,HR,37207.86516853933,3,446494.3820224719
157,Arjun,26.0,Finance,26000.0,2,312000.0
158,Pooja,31.0,Marketing,38000.0,6,456000.0
159,Varun,27.0,IT,27000.0,3,324000.0
160,Divya,24.0,HR,22000.0,1,264000.0
161,Manoj,35.0,Finance,45000.0,9,540000.0
162,Kavya,29.0,IT,32000.0,4,384000.0
164,Neha,27.0,Marketing,29000.0,3,348000.0
165,Amit,33.0,Finance,42000.0,8,504000.0
166,Priya,26.0,IT,31000.0,3,372000.0
167,Rohan,34.0,HR,39000.0,7,468000.0
168,Sanjay,38.0,Management,55000.0,12,660000.0
169,Lakshmi,28.0,Marketing,34000.0,4,408000.0
170,Vikas,31.0,IT,36000.0,6,432000.0
171,Swathi,29.0,HR,33000.0,5,396000.0
173,Deepa,23.0,IT,21000.0,1,252000.0
174,Nikhil,30.0,Finance,37000.0,6,444000.0
175,Anil,36.0,Marketing,48000.0,10,576000.0
176,Shreya,28.0,HR,31000.0,4,372000.0
177,Teja,27.0,IT,29500.0,3,354000.0
178,Madhavi,32.0,Finance,41000.0,7,492000.0
180,Harsha,26.0,IT,28000.0,2,336000.0
181,Keerthi,29.0,HR,34000.0,5,408000.0
182,Ramesh,37.0,Finance,46000.0,9,552000.0
183,Bindu,30.0,Marketing,35000.0,6,420000.0
184,Sai,25.0,IT,26000.0,2,312000.0
185,Padma,33.0,HR,39000.0,8,468000.0
187,Sindhu,27.0,Finance,30000.0,4,360000.0
188,Chaitanya,28.0,IT,31000.0,3,372000.0
189,Reshma,29.0,Marketing,33000.0,5,396000.0
190,Krishna,34.0,Finance,44000.0,9,528000.0
200,Anusha,26.0,HR,28000.0,3,336000.0
